{"cameraMode":{"drawMode":0,"name":"Shaded","section":"Shading Mode"},"sceneLighting":true,"audioPlay":false,"sceneViewState":{"showFog":true,"showMaterialUpdate":false,"showSkybox":true,"showFlares":true,"showImageEffects":true,"showParticleSystems":true},"in2DMode":false,"pivot":{"x":19.92337417602539,"y":11.127462387084961,"z":5.402980804443359},"rotation":{"x":-0.022857287898659707,"y":-0.9757655262947083,"z":0.12539595365524293,"w":-0.1778627187013626},"size":43.55911636352539,"orthographic":false}