{"cameraMode":{"drawMode":0,"name":"Shaded","section":"Shading Mode"},"sceneLighting":false,"audioPlay":false,"sceneViewState":{"showFog":true,"showMaterialUpdate":false,"showSkybox":true,"showFlares":true,"showImageEffects":true,"showParticleSystems":true},"in2DMode":false,"pivot":{"x":-6.618073463439941,"y":-1.9546012878417969,"z":10.550000190734864},"rotation":{"x":0.039171598851680759,"y":-0.7812788486480713,"z":0.04929114133119583,"w":0.6210629343986511},"size":5.7157673835754398,"orthographic":false}