{"cameraMode":{"drawMode":0,"name":"Shaded","section":"Shading Mode"},"sceneLighting":false,"audioPlay":false,"sceneViewState":{"showFog":true,"showMaterialUpdate":false,"showSkybox":true,"showFlares":true,"showImageEffects":true,"showParticleSystems":true},"in2DMode":false,"pivot":{"x":0.20482927560806275,"y":1.5653550624847413,"z":1.7230000495910645},"rotation":{"x":0.18498532474040986,"y":0.4022410213947296,"z":-0.08334463089704514,"w":0.8927809000015259},"size":2.662946939468384,"orthographic":false}