{"cameraMode":{"drawMode":0,"name":"Shaded","section":"Shading Mode"},"sceneLighting":false,"audioPlay":false,"sceneViewState":{"showFog":true,"showMaterialUpdate":false,"showSkybox":true,"showFlares":true,"showImageEffects":true,"showParticleSystems":true},"in2DMode":false,"pivot":{"x":54.100975036621097,"y":12.717345237731934,"z":36.87453842163086},"rotation":{"x":0.09033479541540146,"y":0.7152382731437683,"z":-0.09409546852111817,"w":0.6866188645362854},"size":5.7157673835754398,"orthographic":false}