{"cameraMode":{"drawMode":0,"name":"Shaded","section":"Shading Mode"},"sceneLighting":false,"audioPlay":false,"sceneViewState":{"showFog":true,"showMaterialUpdate":false,"showSkybox":true,"showFlares":true,"showImageEffects":true,"showParticleSystems":true},"in2DMode":false,"pivot":{"x":-0.009677618741989136,"y":1.6567440032958985,"z":1.923874855041504},"rotation":{"x":0.23047593235969544,"y":-0.39559757709503176,"z":0.10325164347887039,"w":0.8830274343490601},"size":2.2701237201690676,"orthographic":false}