{"cameraMode":{"drawMode":0,"name":"Shaded","section":"Shading Mode"},"sceneLighting":false,"audioPlay":false,"sceneViewState":{"showFog":true,"showMaterialUpdate":false,"showSkybox":true,"showFlares":true,"showImageEffects":true,"showParticleSystems":true},"in2DMode":false,"pivot":{"x":-0.04599997401237488,"y":0.7721422910690308,"z":1.159000039100647},"rotation":{"x":0.5356592535972595,"y":0.37020009756088259,"z":-0.2813175618648529,"w":0.7048982977867127},"size":4.802345275878906,"orthographic":false}