{"cameraMode":{"drawMode":0,"name":"Shaded","section":"Shading Mode"},"sceneLighting":false,"audioPlay":false,"sceneViewState":{"showFog":true,"showMaterialUpdate":false,"showSkybox":true,"showFlares":true,"showImageEffects":true,"showParticleSystems":true},"in2DMode":false,"pivot":{"x":2.271392345428467,"y":1.2071044445037842,"z":2.2506120204925539},"rotation":{"x":0.08982600271701813,"y":0.6779835224151611,"z":-0.08403284847736359,"w":0.7247210741043091},"size":3.5992062091827394,"orthographic":false}