{"cameraMode":{"drawMode":0,"name":"Shaded","section":"Shading Mode"},"sceneLighting":false,"audioPlay":false,"sceneViewState":{"showFog":true,"showMaterialUpdate":false,"showSkybox":true,"showFlares":true,"showImageEffects":true,"showParticleSystems":true},"in2DMode":false,"pivot":{"x":-5.390957832336426,"y":4.128849029541016,"z":-9.654848098754883},"rotation":{"x":-0.16125597059726716,"y":0.7493069767951965,"z":-0.19775138795375825,"w":-0.6112005114555359},"size":7.061990261077881,"orthographic":false}