{"cameraMode":{"drawMode":0,"name":"Shaded","section":"Shading Mode"},"sceneLighting":false,"audioPlay":false,"sceneViewState":{"showFog":true,"showMaterialUpdate":false,"showSkybox":true,"showFlares":true,"showImageEffects":true,"showParticleSystems":true},"in2DMode":false,"pivot":{"x":0.13541579246520997,"y":0.1229238510131836,"z":0.306715726852417},"rotation":{"x":0.27668139338493349,"y":0.3264366686344147,"z":-0.10055353492498398,"w":0.8982083201408386},"size":4.502345085144043,"orthographic":false}