{"cameraMode":{"drawMode":0,"name":"Shaded","section":"Shading Mode"},"sceneLighting":false,"audioPlay":false,"sceneViewState":{"showFog":true,"showMaterialUpdate":false,"showSkybox":true,"showFlares":true,"showImageEffects":true,"showParticleSystems":true},"in2DMode":false,"pivot":{"x":1.4944000244140626,"y":1.850844383239746,"z":9.506999969482422},"rotation":{"x":-0.032794397324323657,"y":0.9432201981544495,"z":-0.0979750007390976,"w":-0.31577304005622866},"size":1.153666377067566,"orthographic":false}