{"cameraMode":{"drawMode":0,"name":"Shaded","section":"Shading Mode"},"sceneLighting":false,"audioPlay":false,"sceneViewState":{"showFog":true,"showMaterialUpdate":false,"showSkybox":true,"showFlares":true,"showImageEffects":true,"showParticleSystems":true},"in2DMode":false,"pivot":{"x":0.12998604774475099,"y":0.3773881793022156,"z":7.983641147613525},"rotation":{"x":0.06241393834352493,"y":-0.6799113154411316,"z":0.05829335004091263,"w":0.7284063100814819},"size":3.6379809379577638,"orthographic":false}