{"cameraMode":{"drawMode":0,"name":"Shaded","section":"Shading Mode"},"sceneLighting":false,"audioPlay":false,"sceneViewState":{"showFog":true,"showMaterialUpdate":false,"showSkybox":true,"showFlares":true,"showImageEffects":true,"showParticleSystems":true},"in2DMode":false,"pivot":{"x":0.0293198823928833,"y":1.3074896335601807,"z":3.6199965476989748},"rotation":{"x":-0.17821484804153443,"y":-0.818675696849823,"z":0.4234168827533722,"w":-0.34458228945732119},"size":2.4017646312713625,"orthographic":false}