{"cameraMode":{"drawMode":0,"name":"Shaded","section":"Shading Mode"},"sceneLighting":false,"audioPlay":false,"sceneViewState":{"showFog":true,"showMaterialUpdate":false,"showSkybox":true,"showFlares":true,"showImageEffects":true,"showParticleSystems":true},"in2DMode":false,"pivot":{"x":-0.862452507019043,"y":4.839832305908203,"z":9.69979476928711},"rotation":{"x":-0.0934550017118454,"y":0.6974811553955078,"z":-0.09269322454929352,"w":-0.7045273184776306},"size":5.888300895690918,"orthographic":false}