{"cameraMode":{"drawMode":0,"name":"Shaded","section":"Shading Mode"},"sceneLighting":false,"audioPlay":false,"sceneViewState":{"showFog":true,"showMaterialUpdate":false,"showSkybox":true,"showFlares":true,"showImageEffects":true,"showParticleSystems":true},"in2DMode":false,"pivot":{"x":-0.0036077499389648439,"y":1.844080924987793,"z":6.113476753234863},"rotation":{"x":0.016856132075190545,"y":0.9628904461860657,"z":-0.262155145406723,"w":0.06190809980034828},"size":3.599205255508423,"orthographic":false}