{"cameraMode":{"drawMode":0,"name":"Shaded","section":"Shading Mode"},"sceneLighting":false,"audioPlay":false,"sceneViewState":{"showFog":true,"showMaterialUpdate":false,"showSkybox":true,"showFlares":true,"showImageEffects":true,"showParticleSystems":true},"in2DMode":false,"pivot":{"x":0.035388022661209109,"y":1.4037398099899293,"z":1.9844105243682862},"rotation":{"x":0.23047593235969544,"y":-0.39559757709503176,"z":0.10325164347887039,"w":0.8830274343490601},"size":2.4287233352661135,"orthographic":false}