{"cameraMode":{"drawMode":0,"name":"Shaded","section":"Shading Mode"},"sceneLighting":false,"audioPlay":false,"sceneViewState":{"showFog":true,"showMaterialUpdate":false,"showSkybox":true,"showFlares":true,"showImageEffects":true,"showParticleSystems":true},"in2DMode":false,"pivot":{"x":16.04915428161621,"y":12.496804237365723,"z":15.038566589355469},"rotation":{"x":0.276530385017395,"y":0.6971175074577332,"z":-0.3395967185497284,"w":0.5676549673080444},"size":30.83916473388672,"orthographic":false}