{"cameraMode":{"drawMode":0,"name":"Shaded","section":"Shading Mode"},"sceneLighting":false,"audioPlay":false,"sceneViewState":{"showFog":true,"showMaterialUpdate":false,"showSkybox":true,"showFlares":true,"showImageEffects":true,"showParticleSystems":true},"in2DMode":false,"pivot":{"x":18.10262107849121,"y":11.41448974609375,"z":12.061929702758789},"rotation":{"x":0.007318051997572184,"y":0.8673206567764282,"z":-0.4975326657295227,"w":0.012754013761878014},"size":2.749521017074585,"orthographic":false}