{"cameraMode":{"drawMode":0,"name":"Shaded","section":"Shading Mode"},"sceneLighting":false,"audioPlay":false,"sceneViewState":{"showFog":true,"showMaterialUpdate":false,"showSkybox":true,"showFlares":true,"showImageEffects":true,"showParticleSystems":true},"in2DMode":false,"pivot":{"x":-6.618073463439941,"y":-1.9546012878417969,"z":6.550000190734863},"rotation":{"x":0.17240214347839356,"y":-0.6961060166358948,"z":0.17813168466091157,"w":0.6738415360450745},"size":5.7157673835754398,"orthographic":false}